bill_id,provider,service_date,line_position,code,code_system,description,quantity,unit_price,line_total,stated_total
1,Synthetic Health System,2026-02-01,0,70450,CPT,CT HEAD/BRAIN W/O CONTRAST,1.0,776.68,776.68,4204.19
1,Synthetic Health System,2026-02-01,1,36415,CPT,ROUTINE VENIPUNCTURE,1.0,26.54,26.54,4204.19
1,Synthetic Health System,2026-02-01,2,85025,CPT,COMPLETE CBC W/AUTO DIFF WBC,1.0,24.21,166.69,4204.19
1,Synthetic Health System,2026-02-01,3,A9150,HCPCS,NON-RX DRUGS,1.0,14.22,14.22,4204.19
1,Synthetic Health System,2026-02-01,4,J2405,HCPCS,ONDANSETRON HCL INJECTION,1.0,11.04,11.04,4204.19
1,Synthetic Health System,2026-02-01,5,96372,CPT,THER/PROPH/DIAG INJ SC/IM,1.0,41.56,41.56,4204.19
1,Synthetic Health System,2026-02-01,6,74177,CPT,CT ABD & PELVIS W/CONTRAST,1.0,2077.21,2162.98,4204.19
1,Synthetic Health System,2026-02-01,7,99284,CPT,EMERGENCY DEPT VISIT,1.0,868.08,868.08,4204.19
1,Synthetic Health System,2026-02-01,8,96372,CPT,THER/PROPH/DIAG INJ SC/IM,1.0,41.56,41.56,4204.19
2,Sample Family Clinic,2026-12-01,0,72148,CPT,MRI LUMBAR SPINE W/O CONTRAST,1.0,1617.28,1617.28,4362.64
2,Sample Family Clinic,2026-12-01,1,Q9967,HCPCS,LOCM 300-399MG/ML IODINE,18.0,7.27,130.86,4362.64
2,Sample Family Clinic,2026-12-01,2,71046,CPT,CHEST X-RAY 2 VIEWS,1.0,225.24,225.24,4362.64
2,Sample Family Clinic,2026-12-01,3,85025,CPT,COMPLETE CBC W/AUTO DIFF WBC,1.0,48.6,48.6,4362.64
2,Sample Family Clinic,2026-12-01,4,99213,CPT,OFFICE/OUTPATIENT VISIT EST,1.0,172.09,172.09,4362.64
2,Sample Family Clinic,2026-12-01,5,99285,CPT,EMERGENCY DEPT VISIT HIGH,1.0,751.36,788.17,4362.64
2,Sample Family Clinic,2026-12-01,6,80053,CPT,COMPREHENSIVE METABOLIC PANEL,1.0,64.96,64.96,4362.64
2,Sample Family Clinic,2026-12-01,7,74177,CPT,CT ABD & PELVIS W/CONTRAST,1.0,1143.35,1143.35,4362.64
2,Sample Family Clinic,2026-12-01,8,99213,CPT,OFFICE/OUTPATIENT VISIT EST,1.0,172.09,172.09,4362.64
3,Testville Emergency Physicians,2026-03-24,0,85025,CPT,COMPLETE CBC W/AUTO DIFF WBC,1.0,49.19,49.19,4308.62
3,Testville Emergency Physicians,2026-03-24,1,12001,CPT,SIMPLE REPAIR WOUND,1.0,474.08,474.08,4308.62
3,Testville Emergency Physicians,2026-03-24,2,J1885,HCPCS,KETOROLAC TROMETHAMINE INJ,1.0,25.22,25.22,4308.62
3,Testville Emergency Physicians,2026-03-24,3,J2405,HCPCS,ONDANSETRON HCL INJECTION,1.0,12.96,12.96,4308.62
3,Testville Emergency Physicians,2026-03-24,4,80053,CPT,COMPREHENSIVE METABOLIC PANEL,1.0,57.38,57.38,4308.62
3,Testville Emergency Physicians,2026-03-24,5,96372,CPT,THER/PROPH/DIAG INJ SC/IM,1.0,39.64,39.64,4308.62
3,Testville Emergency Physicians,2026-03-24,6,Q9967,HCPCS,LOCM 300-399MG/ML IODINE,1.0,8.49,8.49,4308.62
3,Testville Emergency Physicians,2026-03-24,7,72148,CPT,MRI LUMBAR SPINE W/O CONTRAST,1.0,1468.05,1468.05,4308.62
3,Testville Emergency Physicians,2026-03-24,8,72148,CPT,MRI LUMBAR SPINE W/O CONTRAST,1.0,1468.05,1468.05,4308.62
3,Testville Emergency Physicians,2026-03-24,9,12001,CPT,SIMPLE REPAIR WOUND,1.0,474.08,474.08,4308.62
3,Testville Emergency Physicians,2026-03-24,10,96372,CPT,THER/PROPH/DIAG INJ SC/IM,1.0,39.64,39.64,4308.62
4,Sample Family Clinic,2026-06-17,0,99213,CPT,OFFICE/OUTPATIENT VISIT EST,1.0,144.78,144.78,5001.72
4,Sample Family Clinic,2026-06-17,1,96372,CPT,THER/PROPH/DIAG INJ SC/IM,1.0,86.06,86.06,5001.72
4,Sample Family Clinic,2026-06-17,2,93000,CPT,ELECTROCARDIOGRAM COMPLETE,1.0,82.09,82.09,5001.72
4,Sample Family Clinic,2026-06-17,3,12001,CPT,SIMPLE REPAIR WOUND,1.0,298.27,298.27,5001.72
4,Sample Family Clinic,2026-06-17,4,36415,CPT,ROUTINE VENIPUNCTURE,1.0,29.02,29.02,5001.72
4,Sample Family Clinic,2026-06-17,5,J1885,HCPCS,KETOROLAC TROMETHAMINE INJ,1.0,10.37,10.37,5001.72
4,Sample Family Clinic,2026-06-17,6,99284,CPT,EMERGENCY DEPT VISIT,1.0,656.58,656.58,5001.72
4,Sample Family Clinic,2026-06-17,7,72148,CPT,MRI LUMBAR SPINE W/O CONTRAST,1.0,1270.68,1270.68,5001.72
4,Sample Family Clinic,2026-06-17,8,99284,CPT,EMERGENCY DEPT VISIT,1.0,656.58,656.58,5001.72
4,Sample Family Clinic,2026-06-17,9,72148,CPT,MRI LUMBAR SPINE W/O CONTRAST,1.0,1270.68,1270.68,5001.72
4,Sample Family Clinic,2026-06-17,10,12001,CPT,SIMPLE REPAIR WOUND,1.0,298.27,298.27,5001.72
5,Example Regional Medical Center,2026-06-25,0,71046,CPT,CHEST X-RAY 2 VIEWS,1.0,115.0,115.0,499.35
5,Example Regional Medical Center,2026-06-25,1,93000,CPT,ELECTROCARDIOGRAM COMPLETE,1.0,45.12,178.41,499.35
5,Example Regional Medical Center,2026-06-25,2,A9150,HCPCS,NON-RX DRUGS,1.0,14.44,14.44,499.35
5,Example Regional Medical Center,2026-06-25,3,80048,CPT,BASIC METABOLIC PANEL,1.0,22.8,22.8,499.35
5,Example Regional Medical Center,2026-06-25,4,81001,CPT,URINALYSIS AUTO W/SCOPE,1.0,16.93,16.93,499.35
5,Example Regional Medical Center,2026-06-25,5,96372,CPT,THER/PROPH/DIAG INJ SC/IM,1.0,49.04,49.04,499.35
5,Example Regional Medical Center,2026-06-25,6,80053,CPT,COMPREHENSIVE METABOLIC PANEL,1.0,52.21,52.21,499.35
5,Example Regional Medical Center,2026-06-25,7,J1885,HCPCS,KETOROLAC TROMETHAMINE INJ,1.0,10.79,10.79,499.35
5,Example Regional Medical Center,2026-06-25,8,80048,CPT,BASIC METABOLIC PANEL,1.0,22.8,22.8,499.35
5,Example Regional Medical Center,2026-06-25,9,81001,CPT,URINALYSIS AUTO W/SCOPE,1.0,16.93,16.93,499.35
6,Synthetic Health System,2026-02-26,0,93000,CPT,ELECTROCARDIOGRAM COMPLETE,1.0,94.97,94.97,2238.12
6,Synthetic Health System,2026-02-26,1,81001,CPT,URINALYSIS AUTO W/SCOPE,13.0,26.13,339.69,2238.12
6,Synthetic Health System,2026-02-26,2,85025,CPT,COMPLETE CBC W/AUTO DIFF WBC,8.0,28.35,226.8,2238.12
6,Synthetic Health System,2026-02-26,3,J2405,HCPCS,ONDANSETRON HCL INJECTION,7.0,17.94,125.58,2238.12
6,Synthetic Health System,2026-02-26,4,72148,CPT,MRI LUMBAR SPINE W/O CONTRAST,1.0,1150.21,1150.21,2238.12
6,Synthetic Health System,2026-02-26,5,99213,CPT,OFFICE/OUTPATIENT VISIT EST,1.0,111.72,111.72,2238.12
6,Synthetic Health System,2026-02-26,6,36415,CPT,ROUTINE VENIPUNCTURE,1.0,28.8,28.8,2238.12
6,Synthetic Health System,2026-02-26,7,96372,CPT,THER/PROPH/DIAG INJ SC/IM,1.0,52.3,52.3,2238.12
7,Testville Emergency Physicians,2026-02-13,0,A9150,HCPCS,NON-RX DRUGS,1.0,9.63,9.63,2218.13
7,Testville Emergency Physicians,2026-02-13,1,J2405,HCPCS,ONDANSETRON HCL INJECTION,1.0,12.71,12.71,2218.13
7,Testville Emergency Physicians,2026-02-13,2,80048,CPT,BASIC METABOLIC PANEL,1.0,47.27,47.27,2218.13
7,Testville Emergency Physicians,2026-02-13,3,12001,CPT,SIMPLE REPAIR WOUND,1.0,355.37,355.37,2218.13
7,Testville Emergency Physicians,2026-02-13,4,72148,CPT,MRI LUMBAR SPINE W/O CONTRAST,1.0,1419.88,1491.18,2218.13
7,Testville Emergency Physicians,2026-02-13,5,36415,CPT,ROUTINE VENIPUNCTURE,1.0,14.67,14.67,2218.13
7,Testville Emergency Physicians,2026-02-13,6,96372,CPT,THER/PROPH/DIAG INJ SC/IM,1.0,54.02,54.02,2218.13
7,Testville Emergency Physicians,2026-02-13,7,93000,CPT,ELECTROCARDIOGRAM COMPLETE,1.0,118.53,118.53,2218.13
7,Testville Emergency Physicians,2026-02-13,8,A9150,HCPCS,NON-RX DRUGS,1.0,9.63,9.63,2218.13
7,Testville Emergency Physicians,2026-02-13,9,96372,CPT,THER/PROPH/DIAG INJ SC/IM,1.0,54.02,54.02,2218.13
8,Synthetic Health System,2026-06-17,0,A9150,HCPCS,NON-RX DRUGS,1.0,3.15,3.15,4347.09
8,Synthetic Health System,2026-06-17,1,99214,CPT,OFFICE/OUTPATIENT VISIT EST,1.0,175.61,175.61,4347.09
8,Synthetic Health System,2026-06-17,2,J2405,HCPCS,ONDANSETRON HCL INJECTION,1.0,8.91,8.91,4347.09
8,Synthetic Health System,2026-06-17,3,99285,CPT,EMERGENCY DEPT VISIT HIGH,1.0,1427.23,1427.23,4347.09
8,Synthetic Health System,2026-06-17,4,74177,CPT,CT ABD & PELVIS W/CONTRAST,1.0,865.46,865.46,4347.09
8,Synthetic Health System,2026-06-17,5,99213,CPT,OFFICE/OUTPATIENT VISIT EST,1.0,134.33,274.73,4347.09
8,Synthetic Health System,2026-06-17,6,J1885,HCPCS,KETOROLAC TROMETHAMINE INJ,1.0,26.12,26.12,4347.09
8,Synthetic Health System,2026-06-17,7,96372,CPT,THER/PROPH/DIAG INJ SC/IM,1.0,81.39,81.39,4347.09
8,Synthetic Health System,2026-06-17,8,99285,CPT,EMERGENCY DEPT VISIT HIGH,1.0,1427.23,1427.23,4347.09
8,Synthetic Health System,2026-06-17,9,J1885,HCPCS,KETOROLAC TROMETHAMINE INJ,1.0,26.12,26.12,4347.09
9,Sample Family Clinic,2026-02-02,0,96372,CPT,THER/PROPH/DIAG INJ SC/IM,1.0,58.95,58.95,7415.62
9,Sample Family Clinic,2026-02-02,1,74177,CPT,CT ABD & PELVIS W/CONTRAST,1.0,961.7,1042.94,7415.62
9,Sample Family Clinic,2026-02-02,2,99285,CPT,EMERGENCY DEPT VISIT HIGH,1.0,1388.14,1388.14,7415.62
9,Sample Family Clinic,2026-02-02,3,72148,CPT,MRI LUMBAR SPINE W/O CONTRAST,1.0,2069.63,2069.63,7415.62
9,Sample Family Clinic,2026-02-02,4,99284,CPT,EMERGENCY DEPT VISIT,1.0,531.85,531.85,7415.62
9,Sample Family Clinic,2026-02-02,5,A9150,HCPCS,NON-RX DRUGS,1.0,4.1,4.1,7415.62
9,Sample Family Clinic,2026-02-02,6,J2405,HCPCS,ONDANSETRON HCL INJECTION,1.0,18.27,18.27,7415.62
9,Sample Family Clinic,2026-02-02,7,85025,CPT,COMPLETE CBC W/AUTO DIFF WBC,1.0,52.46,78.13,7415.62
9,Sample Family Clinic,2026-02-02,8,72148,CPT,MRI LUMBAR SPINE W/O CONTRAST,1.0,2069.63,2069.63,7415.62
10,Synthetic Health System,2026-01-05,0,J2405,HCPCS,ONDANSETRON HCL INJECTION,1.0,13.59,13.59,13855.35
10,Synthetic Health System,2026-01-05,1,99213,CPT,OFFICE/OUTPATIENT VISIT EST,1.0,150.99,150.99,13855.35
10,Synthetic Health System,2026-01-05,2,36415,CPT,ROUTINE VENIPUNCTURE,12.0,21.2,254.4,13855.35
10,Synthetic Health System,2026-01-05,3,Q9967,HCPCS,LOCM 300-399MG/ML IODINE,1.0,2.89,2.89,13855.35
10,Synthetic Health System,2026-01-05,4,99284,CPT,EMERGENCY DEPT VISIT,1.0,479.95,509.57,13855.35
10,Synthetic Health System,2026-01-05,5,74177,CPT,CT ABD & PELVIS W/CONTRAST,10.0,1154.36,11543.6,13855.35
10,Synthetic Health System,2026-01-05,6,A9150,HCPCS,NON-RX DRUGS,1.0,5.62,5.62,13855.35
10,Synthetic Health System,2026-01-05,7,70450,CPT,CT HEAD/BRAIN W/O CONTRAST,1.0,1310.92,1310.92,13855.35
11,Sample Family Clinic,2026-05-15,0,80053,CPT,COMPREHENSIVE METABOLIC PANEL,1.0,74.57,74.57,5549.89
11,Sample Family Clinic,2026-05-15,1,99214,CPT,OFFICE/OUTPATIENT VISIT EST,14.0,254.12,3557.68,5549.89
11,Sample Family Clinic,2026-05-15,2,36415,CPT,ROUTINE VENIPUNCTURE,1.0,32.54,32.54,5549.89
11,Sample Family Clinic,2026-05-15,3,99285,CPT,EMERGENCY DEPT VISIT HIGH,1.0,1430.97,1500.92,5549.89
11,Sample Family Clinic,2026-05-15,4,71046,CPT,CHEST X-RAY 2 VIEWS,1.0,214.51,214.51,5549.89
11,Sample Family Clinic,2026-05-15,5,J2405,HCPCS,ONDANSETRON HCL INJECTION,1.0,14.17,14.17,5549.89
11,Sample Family Clinic,2026-05-15,6,Q9967,HCPCS,LOCM 300-399MG/ML IODINE,11.0,9.18,100.98,5549.89
11,Sample Family Clinic,2026-05-15,7,80048,CPT,BASIC METABOLIC PANEL,1.0,54.52,54.52,5549.89
12,Synthetic Health System,2026-02-04,0,J2405,HCPCS,ONDANSETRON HCL INJECTION,1.0,24.14,24.14,668.12
12,Synthetic Health System,2026-02-04,1,Q9967,HCPCS,LOCM 300-399MG/ML IODINE,1.0,5.22,73.58,668.12
12,Synthetic Health System,2026-02-04,2,99213,CPT,OFFICE/OUTPATIENT VISIT EST,1.0,135.76,135.76,668.12
12,Synthetic Health System,2026-02-04,3,81001,CPT,URINALYSIS AUTO W/SCOPE,1.0,11.07,11.07,668.12
12,Synthetic Health System,2026-02-04,4,85025,CPT,COMPLETE CBC W/AUTO DIFF WBC,1.0,47.3,47.3,668.12
12,Synthetic Health System,2026-02-04,5,96372,CPT,THER/PROPH/DIAG INJ SC/IM,1.0,89.06,89.06,668.12
12,Synthetic Health System,2026-02-04,6,A9150,HCPCS,NON-RX DRUGS,1.0,17.42,17.42,668.12
12,Synthetic Health System,2026-02-04,7,80053,CPT,COMPREHENSIVE METABOLIC PANEL,1.0,88.36,222.49,668.12
12,Synthetic Health System,2026-02-04,8,85025,CPT,COMPLETE CBC W/AUTO DIFF WBC,1.0,47.3,47.3,668.12
13,Testville Emergency Physicians,2026-12-25,0,J2405,HCPCS,ONDANSETRON HCL INJECTION,1.0,11.2,11.2,4291.04
13,Testville Emergency Physicians,2026-12-25,1,71046,CPT,CHEST X-RAY 2 VIEWS,1.0,227.31,227.31,4291.04
13,Testville Emergency Physicians,2026-12-25,2,74177,CPT,CT ABD & PELVIS W/CONTRAST,1.0,1305.56,1305.56,4291.04
13,Testville Emergency Physicians,2026-12-25,3,70450,CPT,CT HEAD/BRAIN W/O CONTRAST,1.0,1039.12,1065.99,4291.04
13,Testville Emergency Physicians,2026-12-25,4,99213,CPT,OFFICE/OUTPATIENT VISIT EST,1.0,169.67,296.05,4291.04
13,Testville Emergency Physicians,2026-12-25,5,81001,CPT,URINALYSIS AUTO W/SCOPE,1.0,36.86,36.86,4291.04
13,Testville Emergency Physicians,2026-12-25,6,J1885,HCPCS,KETOROLAC TROMETHAMINE INJ,17.0,15.58,264.86,4291.04
13,Testville Emergency Physicians,2026-12-25,7,99285,CPT,EMERGENCY DEPT VISIT HIGH,1.0,890.09,890.09,4291.04
14,Testville Emergency Physicians,2026-10-26,0,96372,CPT,THER/PROPH/DIAG INJ SC/IM,1.0,27.79,27.79,8083.76
14,Testville Emergency Physicians,2026-10-26,1,Q9967,HCPCS,LOCM 300-399MG/ML IODINE,1.0,9.1,9.1,8083.76
14,Testville Emergency Physicians,2026-10-26,2,12001,CPT,SIMPLE REPAIR WOUND,1.0,230.54,230.54,8083.76
14,Testville Emergency Physicians,2026-10-26,3,J1885,HCPCS,KETOROLAC TROMETHAMINE INJ,13.0,16.46,213.98,8083.76
14,Testville Emergency Physicians,2026-10-26,4,72148,CPT,MRI LUMBAR SPINE W/O CONTRAST,1.0,1626.12,1626.12,8083.76
14,Testville Emergency Physicians,2026-10-26,5,99284,CPT,EMERGENCY DEPT VISIT,10.0,585.23,5852.3,8083.76
14,Testville Emergency Physicians,2026-10-26,6,36415,CPT,ROUTINE VENIPUNCTURE,1.0,34.2,34.2,8083.76
14,Testville Emergency Physicians,2026-10-26,7,93000,CPT,ELECTROCARDIOGRAM COMPLETE,1.0,61.94,61.94,8083.76
14,Testville Emergency Physicians,2026-10-26,8,96372,CPT,THER/PROPH/DIAG INJ SC/IM,1.0,27.79,27.79,8083.76
15,Synthetic Health System,2026-12-19,0,74177,CPT,CT ABD & PELVIS W/CONTRAST,1.0,1478.92,1478.92,9379.93
15,Synthetic Health System,2026-12-19,1,80053,CPT,COMPREHENSIVE METABOLIC PANEL,12.0,44.45,533.4,9379.93
15,Synthetic Health System,2026-12-19,2,93000,CPT,ELECTROCARDIOGRAM COMPLETE,1.0,81.71,81.71,9379.93
15,Synthetic Health System,2026-12-19,3,81001,CPT,URINALYSIS AUTO W/SCOPE,1.0,23.56,112.86,9379.93
15,Synthetic Health System,2026-12-19,4,99284,CPT,EMERGENCY DEPT VISIT,11.0,620.07,6820.77,9379.93
15,Synthetic Health System,2026-12-19,5,71046,CPT,CHEST X-RAY 2 VIEWS,1.0,278.77,278.77,9379.93
15,Synthetic Health System,2026-12-19,6,96372,CPT,THER/PROPH/DIAG INJ SC/IM,1.0,60.16,60.16,9379.93
15,Synthetic Health System,2026-12-19,7,A9150,HCPCS,NON-RX DRUGS,1.0,13.34,13.34,9379.93
16,Sample Family Clinic,2026-09-05,0,74177,CPT,CT ABD & PELVIS W/CONTRAST,1.0,2105.11,2105.11,6859.96
16,Sample Family Clinic,2026-09-05,1,99285,CPT,EMERGENCY DEPT VISIT HIGH,1.0,1529.99,1529.99,6859.96
16,Sample Family Clinic,2026-09-05,2,12001,CPT,SIMPLE REPAIR WOUND,1.0,448.63,448.63,6859.96
16,Sample Family Clinic,2026-09-05,3,99213,CPT,OFFICE/OUTPATIENT VISIT EST,1.0,152.42,301.49,6859.96
16,Sample Family Clinic,2026-09-05,4,99284,CPT,EMERGENCY DEPT VISIT,1.0,823.4,823.4,6859.96
16,Sample Family Clinic,2026-09-05,5,A9150,HCPCS,NON-RX DRUGS,1.0,19.28,19.28,6859.96
16,Sample Family Clinic,2026-09-05,6,J2405,HCPCS,ONDANSETRON HCL INJECTION,1.0,13.73,13.73,6859.96
16,Sample Family Clinic,2026-09-05,7,81001,CPT,URINALYSIS AUTO W/SCOPE,1.0,44.17,44.17,6859.96
16,Sample Family Clinic,2026-09-05,8,99285,CPT,EMERGENCY DEPT VISIT HIGH,1.0,1529.99,1529.99,6859.96
16,Sample Family Clinic,2026-09-05,9,81001,CPT,URINALYSIS AUTO W/SCOPE,1.0,44.17,44.17,6859.96
17,Testville Emergency Physicians,2026-11-22,0,A9150,HCPCS,NON-RX DRUGS,1.0,18.86,47.4,1564.91
17,Testville Emergency Physicians,2026-11-22,1,J2405,HCPCS,ONDANSETRON HCL INJECTION,15.0,15.19,227.85,1564.91
17,Testville Emergency Physicians,2026-11-22,2,Q9967,HCPCS,LOCM 300-399MG/ML IODINE,1.0,8.99,8.99,1564.91
17,Testville Emergency Physicians,2026-11-22,3,12001,CPT,SIMPLE REPAIR WOUND,1.0,274.8,274.8,1564.91
17,Testville Emergency Physicians,2026-11-22,4,80053,CPT,COMPREHENSIVE METABOLIC PANEL,1.0,53.2,107.75,1564.91
17,Testville Emergency Physicians,2026-11-22,5,70450,CPT,CT HEAD/BRAIN W/O CONTRAST,1.0,780.48,780.48,1564.91
17,Testville Emergency Physicians,2026-11-22,6,81001,CPT,URINALYSIS AUTO W/SCOPE,1.0,29.18,29.18,1564.91
17,Testville Emergency Physicians,2026-11-22,7,96372,CPT,THER/PROPH/DIAG INJ SC/IM,1.0,88.46,88.46,1564.91
18,Synthetic Health System,2026-02-17,0,71046,CPT,CHEST X-RAY 2 VIEWS,13.0,210.33,2734.29,5257.61
18,Synthetic Health System,2026-02-17,1,96372,CPT,THER/PROPH/DIAG INJ SC/IM,1.0,55.19,55.19,5257.61
18,Synthetic Health System,2026-02-17,2,J1885,HCPCS,KETOROLAC TROMETHAMINE INJ,1.0,21.89,21.89,5257.61
18,Synthetic Health System,2026-02-17,3,99214,CPT,OFFICE/OUTPATIENT VISIT EST,1.0,199.28,199.28,5257.61
18,Synthetic Health System,2026-02-17,4,99285,CPT,EMERGENCY DEPT VISIT HIGH,1.0,1297.37,1297.37,5257.61
18,Synthetic Health System,2026-02-17,5,12001,CPT,SIMPLE REPAIR WOUND,1.0,379.93,379.93,5257.61
18,Synthetic Health System,2026-02-17,6,80048,CPT,BASIC METABOLIC PANEL,1.0,42.9,42.9,5257.61
18,Synthetic Health System,2026-02-17,7,J2405,HCPCS,ONDANSETRON HCL INJECTION,1.0,18.6,158.57,5257.61
18,Synthetic Health System,2026-02-17,8,99214,CPT,OFFICE/OUTPATIENT VISIT EST,1.0,199.28,199.28,5257.61
19,Example Regional Medical Center,2026-01-28,0,A9150,HCPCS,NON-RX DRUGS,1.0,14.3,89.43,12454.81
19,Example Regional Medical Center,2026-01-28,1,81001,CPT,URINALYSIS AUTO W/SCOPE,17.0,27.19,462.23,12454.81
19,Example Regional Medical Center,2026-01-28,2,99285,CPT,EMERGENCY DEPT VISIT HIGH,1.0,882.19,882.19,12454.81
19,Example Regional Medical Center,2026-01-28,3,74177,CPT,CT ABD & PELVIS W/CONTRAST,1.0,1410.79,1410.79,12454.81
19,Example Regional Medical Center,2026-01-28,4,36415,CPT,ROUTINE VENIPUNCTURE,1.0,30.87,30.87,12454.81
19,Example Regional Medical Center,2026-01-28,5,99284,CPT,EMERGENCY DEPT VISIT,17.0,432.81,7357.77,12454.81
19,Example Regional Medical Center,2026-01-28,6,72148,CPT,MRI LUMBAR SPINE W/O CONTRAST,1.0,2196.65,2196.65,12454.81
19,Example Regional Medical Center,2026-01-28,7,J2405,HCPCS,ONDANSETRON HCL INJECTION,1.0,24.88,24.88,12454.81
20,Testville Emergency Physicians,2026-07-10,0,80048,CPT,BASIC METABOLIC PANEL,17.0,36.29,616.93,4008.38
20,Testville Emergency Physicians,2026-07-10,1,99285,CPT,EMERGENCY DEPT VISIT HIGH,1.0,707.41,707.41,4008.38
20,Testville Emergency Physicians,2026-07-10,2,96372,CPT,THER/PROPH/DIAG INJ SC/IM,1.0,78.94,78.94,4008.38
20,Testville Emergency Physicians,2026-07-10,3,85025,CPT,COMPLETE CBC W/AUTO DIFF WBC,1.0,29.79,29.79,4008.38
20,Testville Emergency Physicians,2026-07-10,4,71046,CPT,CHEST X-RAY 2 VIEWS,1.0,273.47,273.47,4008.38
20,Testville Emergency Physicians,2026-07-10,5,12001,CPT,SIMPLE REPAIR WOUND,1.0,334.7,334.7,4008.38
20,Testville Emergency Physicians,2026-07-10,6,70450,CPT,CT HEAD/BRAIN W/O CONTRAST,1.0,1036.95,1036.95,4008.38
20,Testville Emergency Physicians,2026-07-10,7,81001,CPT,URINALYSIS AUTO W/SCOPE,1.0,21.05,21.05,4008.38
20,Testville Emergency Physicians,2026-07-10,8,96372,CPT,THER/PROPH/DIAG INJ SC/IM,1.0,78.94,78.94,4008.38
20,Testville Emergency Physicians,2026-07-10,9,99285,CPT,EMERGENCY DEPT VISIT HIGH,1.0,707.41,707.41,4008.38
21,Example Regional Medical Center,2026-03-14,0,99214,CPT,OFFICE/OUTPATIENT VISIT EST,1.0,158.58,158.58,2824.6
21,Example Regional Medical Center,2026-03-14,1,36415,CPT,ROUTINE VENIPUNCTURE,1.0,27.69,27.69,2824.6
21,Example Regional Medical Center,2026-03-14,2,93000,CPT,ELECTROCARDIOGRAM COMPLETE,1.0,109.79,189.02,2824.6
21,Example Regional Medical Center,2026-03-14,3,Q9967,HCPCS,LOCM 300-399MG/ML IODINE,1.0,7.36,7.36,2824.6
21,Example Regional Medical Center,2026-03-14,4,99285,CPT,EMERGENCY DEPT VISIT HIGH,1.0,1119.2,1255.29,2824.6
21,Example Regional Medical Center,2026-03-14,5,80053,CPT,COMPREHENSIVE METABOLIC PANEL,1.0,49.05,49.05,2824.6
21,Example Regional Medical Center,2026-03-14,6,12001,CPT,SIMPLE REPAIR WOUND,1.0,456.97,456.97,2824.6
21,Example Regional Medical Center,2026-03-14,7,99284,CPT,EMERGENCY DEPT VISIT,1.0,631.59,631.59,2824.6
21,Example Regional Medical Center,2026-03-14,8,80053,CPT,COMPREHENSIVE METABOLIC PANEL,1.0,49.05,49.05,2824.6
22,Sample Family Clinic,2026-09-13,0,J1885,HCPCS,KETOROLAC TROMETHAMINE INJ,1.0,26.65,26.65,4312.44
22,Sample Family Clinic,2026-09-13,1,72148,CPT,MRI LUMBAR SPINE W/O CONTRAST,1.0,895.17,895.17,4312.44
22,Sample Family Clinic,2026-09-13,2,81001,CPT,URINALYSIS AUTO W/SCOPE,1.0,32.72,32.72,4312.44
22,Sample Family Clinic,2026-09-13,3,70450,CPT,CT HEAD/BRAIN W/O CONTRAST,1.0,708.83,708.83,4312.44
22,Sample Family Clinic,2026-09-13,4,99213,CPT,OFFICE/OUTPATIENT VISIT EST,1.0,163.19,240.29,4312.44
22,Sample Family Clinic,2026-09-13,5,36415,CPT,ROUTINE VENIPUNCTURE,1.0,34.95,181.26,4312.44
22,Sample Family Clinic,2026-09-13,6,99214,CPT,OFFICE/OUTPATIENT VISIT EST,1.0,160.96,160.96,4312.44
22,Sample Family Clinic,2026-09-13,7,74177,CPT,CT ABD & PELVIS W/CONTRAST,1.0,1171.39,1171.39,4312.44
22,Sample Family Clinic,2026-09-13,8,72148,CPT,MRI LUMBAR SPINE W/O CONTRAST,1.0,895.17,895.17,4312.44
23,Sample Family Clinic,2026-11-19,0,12001,CPT,SIMPLE REPAIR WOUND,1.0,334.67,334.67,20119.05
23,Sample Family Clinic,2026-11-19,1,A9150,HCPCS,NON-RX DRUGS,1.0,13.42,125.86,20119.05
23,Sample Family Clinic,2026-11-19,2,Q9967,HCPCS,LOCM 300-399MG/ML IODINE,1.0,8.73,8.73,20119.05
23,Sample Family Clinic,2026-11-19,3,99213,CPT,OFFICE/OUTPATIENT VISIT EST,1.0,106.0,106.0,20119.05
23,Sample Family Clinic,2026-11-19,4,99285,CPT,EMERGENCY DEPT VISIT HIGH,15.0,1250.71,18760.65,20119.05
23,Sample Family Clinic,2026-11-19,5,80048,CPT,BASIC METABOLIC PANEL,1.0,42.14,42.14,20119.05
23,Sample Family Clinic,2026-11-19,6,85025,CPT,COMPLETE CBC W/AUTO DIFF WBC,1.0,37.06,37.06,20119.05
23,Sample Family Clinic,2026-11-19,7,71046,CPT,CHEST X-RAY 2 VIEWS,1.0,307.16,307.16,20119.05
23,Sample Family Clinic,2026-11-19,8,12001,CPT,SIMPLE REPAIR WOUND,1.0,334.67,334.67,20119.05
24,Sample Family Clinic,2026-07-09,0,72148,CPT,MRI LUMBAR SPINE W/O CONTRAST,1.0,1970.89,1970.89,2773.15
24,Sample Family Clinic,2026-07-09,1,12001,CPT,SIMPLE REPAIR WOUND,1.0,237.09,237.09,2773.15
24,Sample Family Clinic,2026-07-09,2,Q9967,HCPCS,LOCM 300-399MG/ML IODINE,1.0,11.19,11.19,2773.15
24,Sample Family Clinic,2026-07-09,3,J2405,HCPCS,ONDANSETRON HCL INJECTION,1.0,24.63,97.47,2773.15
24,Sample Family Clinic,2026-07-09,4,J1885,HCPCS,KETOROLAC TROMETHAMINE INJ,1.0,17.14,105.03,2773.15
24,Sample Family Clinic,2026-07-09,5,93000,CPT,ELECTROCARDIOGRAM COMPLETE,1.0,98.85,98.85,2773.15
24,Sample Family Clinic,2026-07-09,6,80048,CPT,BASIC METABOLIC PANEL,1.0,64.58,64.58,2773.15
24,Sample Family Clinic,2026-07-09,7,99214,CPT,OFFICE/OUTPATIENT VISIT EST,1.0,176.86,176.86,2773.15
24,Sample Family Clinic,2026-07-09,8,Q9967,HCPCS,LOCM 300-399MG/ML IODINE,1.0,11.19,11.19,2773.15
25,Example Regional Medical Center,2026-09-15,0,70450,CPT,CT HEAD/BRAIN W/O CONTRAST,1.0,654.89,755.37,4660.89
25,Example Regional Medical Center,2026-09-15,1,99284,CPT,EMERGENCY DEPT VISIT,1.0,564.51,564.51,4660.89
25,Example Regional Medical Center,2026-09-15,2,99285,CPT,EMERGENCY DEPT VISIT HIGH,1.0,1113.24,1113.24,4660.89
25,Example Regional Medical Center,2026-09-15,3,85025,CPT,COMPLETE CBC W/AUTO DIFF WBC,1.0,22.02,22.02,4660.89
25,Example Regional Medical Center,2026-09-15,4,12001,CPT,SIMPLE REPAIR WOUND,1.0,355.11,355.11,4660.89
25,Example Regional Medical Center,2026-09-15,5,A9150,HCPCS,NON-RX DRUGS,1.0,8.48,8.48,4660.89
25,Example Regional Medical Center,2026-09-15,6,72148,CPT,MRI LUMBAR SPINE W/O CONTRAST,1.0,1397.17,1469.69,4660.89
25,Example Regional Medical Center,2026-09-15,7,36415,CPT,ROUTINE VENIPUNCTURE,1.0,17.36,17.36,4660.89
25,Example Regional Medical Center,2026-09-15,8,12001,CPT,SIMPLE REPAIR WOUND,1.0,355.11,355.11,4660.89
26,Sample Family Clinic,2026-11-18,0,99213,CPT,OFFICE/OUTPATIENT VISIT EST,1.0,136.91,136.91,4700.29
26,Sample Family Clinic,2026-11-18,1,81001,CPT,URINALYSIS AUTO W/SCOPE,1.0,37.73,37.73,4700.29
26,Sample Family Clinic,2026-11-18,2,99284,CPT,EMERGENCY DEPT VISIT,1.0,892.67,892.67,4700.29
26,Sample Family Clinic,2026-11-18,3,36415,CPT,ROUTINE VENIPUNCTURE,6.0,26.19,157.14,4700.29
26,Sample Family Clinic,2026-11-18,4,99285,CPT,EMERGENCY DEPT VISIT HIGH,1.0,1382.9,1484.27,4700.29
26,Sample Family Clinic,2026-11-18,5,74177,CPT,CT ABD & PELVIS W/CONTRAST,1.0,820.46,820.46,4700.29
26,Sample Family Clinic,2026-11-18,6,72148,CPT,MRI LUMBAR SPINE W/O CONTRAST,1.0,1024.26,1024.26,4700.29
26,Sample Family Clinic,2026-11-18,7,J2405,HCPCS,ONDANSETRON HCL INJECTION,1.0,9.94,9.94,4700.29
26,Sample Family Clinic,2026-11-18,8,99213,CPT,OFFICE/OUTPATIENT VISIT EST,1.0,136.91,136.91,4700.29
27,Sample Family Clinic,2026-01-05,0,80048,CPT,BASIC METABOLIC PANEL,1.0,20.67,20.67,2365.39
27,Sample Family Clinic,2026-01-05,1,96372,CPT,THER/PROPH/DIAG INJ SC/IM,9.0,30.58,275.22,2365.39
27,Sample Family Clinic,2026-01-05,2,J2405,HCPCS,ONDANSETRON HCL INJECTION,1.0,8.84,8.84,2365.39
27,Sample Family Clinic,2026-01-05,3,99285,CPT,EMERGENCY DEPT VISIT HIGH,1.0,899.75,899.75,2365.39
27,Sample Family Clinic,2026-01-05,4,71046,CPT,CHEST X-RAY 2 VIEWS,1.0,212.97,212.97,2365.39
27,Sample Family Clinic,2026-01-05,5,81001,CPT,URINALYSIS AUTO W/SCOPE,1.0,19.55,19.55,2365.39
27,Sample Family Clinic,2026-01-05,6,A9150,HCPCS,NON-RX DRUGS,1.0,16.78,16.78,2365.39
27,Sample Family Clinic,2026-01-05,7,70450,CPT,CT HEAD/BRAIN W/O CONTRAST,1.0,783.06,890.94,2365.39
27,Sample Family Clinic,2026-01-05,8,80048,CPT,BASIC METABOLIC PANEL,1.0,20.67,20.67,2365.39
28,Example Regional Medical Center,2026-06-23,0,74177,CPT,CT ABD & PELVIS W/CONTRAST,1.0,1202.88,1292.96,4496.76
28,Example Regional Medical Center,2026-06-23,1,J2405,HCPCS,ONDANSETRON HCL INJECTION,1.0,5.42,5.42,4496.76
28,Example Regional Medical Center,2026-06-23,2,81001,CPT,URINALYSIS AUTO W/SCOPE,9.0,15.73,141.57,4496.76
28,Example Regional Medical Center,2026-06-23,3,80048,CPT,BASIC METABOLIC PANEL,1.0,56.76,56.76,4496.76
28,Example Regional Medical Center,2026-06-23,4,72148,CPT,MRI LUMBAR SPINE W/O CONTRAST,1.0,1667.21,1667.21,4496.76
28,Example Regional Medical Center,2026-06-23,5,12001,CPT,SIMPLE REPAIR WOUND,1.0,402.03,402.03,4496.76
28,Example Regional Medical Center,2026-06-23,6,99284,CPT,EMERGENCY DEPT VISIT,1.0,555.31,680.9,4496.76
28,Example Regional Medical Center,2026-06-23,7,71046,CPT,CHEST X-RAY 2 VIEWS,1.0,249.91,249.91,4496.76
29,Example Regional Medical Center,2026-03-15,0,99285,CPT,EMERGENCY DEPT VISIT HIGH,1.0,1210.63,1210.63,10022.57
29,Example Regional Medical Center,2026-03-15,1,99284,CPT,EMERGENCY DEPT VISIT,1.0,639.16,639.16,10022.57
29,Example Regional Medical Center,2026-03-15,2,85025,CPT,COMPLETE CBC W/AUTO DIFF WBC,1.0,60.61,60.61,10022.57
29,Example Regional Medical Center,2026-03-15,3,80053,CPT,COMPREHENSIVE METABOLIC PANEL,1.0,29.21,29.21,10022.57
29,Example Regional Medical Center,2026-03-15,4,70450,CPT,CT HEAD/BRAIN W/O CONTRAST,1.0,537.72,537.72,10022.57
29,Example Regional Medical Center,2026-03-15,5,12001,CPT,SIMPLE REPAIR WOUND,15.0,337.98,5069.7,10022.57
29,Example Regional Medical Center,2026-03-15,6,72148,CPT,MRI LUMBAR SPINE W/O CONTRAST,1.0,1752.24,1752.24,10022.57
29,Example Regional Medical Center,2026-03-15,7,93000,CPT,ELECTROCARDIOGRAM COMPLETE,1.0,42.07,42.07,10022.57
29,Example Regional Medical Center,2026-03-15,8,93000,CPT,ELECTROCARDIOGRAM COMPLETE,1.0,42.07,42.07,10022.57
29,Example Regional Medical Center,2026-03-15,9,99284,CPT,EMERGENCY DEPT VISIT,1.0,639.16,639.16,10022.57
30,Sample Family Clinic,2026-04-06,0,99285,CPT,EMERGENCY DEPT VISIT HIGH,1.0,1424.29,1424.29,4250.81
30,Sample Family Clinic,2026-04-06,1,99213,CPT,OFFICE/OUTPATIENT VISIT EST,1.0,131.79,131.79,4250.81
30,Sample Family Clinic,2026-04-06,2,36415,CPT,ROUTINE VENIPUNCTURE,1.0,32.92,32.92,4250.81
30,Sample Family Clinic,2026-04-06,3,81001,CPT,URINALYSIS AUTO W/SCOPE,1.0,39.24,39.24,4250.81
30,Sample Family Clinic,2026-04-06,4,99284,CPT,EMERGENCY DEPT VISIT,1.0,424.87,505.82,4250.81
30,Sample Family Clinic,2026-04-06,5,72148,CPT,MRI LUMBAR SPINE W/O CONTRAST,1.0,1764.63,1815.81,4250.81
30,Sample Family Clinic,2026-04-06,6,12001,CPT,SIMPLE REPAIR WOUND,1.0,261.44,261.44,4250.81
30,Sample Family Clinic,2026-04-06,7,A9150,HCPCS,NON-RX DRUGS,1.0,19.75,19.75,4250.81
30,Sample Family Clinic,2026-04-06,8,A9150,HCPCS,NON-RX DRUGS,1.0,19.75,19.75,4250.81
31,Testville Emergency Physicians,2026-10-26,0,99214,CPT,OFFICE/OUTPATIENT VISIT EST,1.0,258.3,258.3,5994.13
31,Testville Emergency Physicians,2026-10-26,1,80053,CPT,COMPREHENSIVE METABOLIC PANEL,1.0,41.43,41.43,5994.13
31,Testville Emergency Physicians,2026-10-26,2,J2405,HCPCS,ONDANSETRON HCL INJECTION,1.0,10.03,10.03,5994.13
31,Testville Emergency Physicians,2026-10-26,3,99285,CPT,EMERGENCY DEPT VISIT HIGH,1.0,1450.89,1450.89,5994.13
31,Testville Emergency Physicians,2026-10-26,4,36415,CPT,ROUTINE VENIPUNCTURE,1.0,17.99,17.99,5994.13
31,Testville Emergency Physicians,2026-10-26,5,96372,CPT,THER/PROPH/DIAG INJ SC/IM,18.0,42.57,766.26,5994.13
31,Testville Emergency Physicians,2026-10-26,6,70450,CPT,CT HEAD/BRAIN W/O CONTRAST,1.0,1200.04,1200.04,5994.13
31,Testville Emergency Physicians,2026-10-26,7,99284,CPT,EMERGENCY DEPT VISIT,1.0,790.85,790.85,5994.13
31,Testville Emergency Physicians,2026-10-26,8,99214,CPT,OFFICE/OUTPATIENT VISIT EST,1.0,258.3,258.3,5994.13
31,Testville Emergency Physicians,2026-10-26,9,70450,CPT,CT HEAD/BRAIN W/O CONTRAST,1.0,1200.04,1200.04,5994.13
32,Example Regional Medical Center,2026-02-23,0,12001,CPT,SIMPLE REPAIR WOUND,1.0,355.57,355.57,3581.61
32,Example Regional Medical Center,2026-02-23,1,80048,CPT,BASIC METABOLIC PANEL,1.0,44.69,44.69,3581.61
32,Example Regional Medical Center,2026-02-23,2,70450,CPT,CT HEAD/BRAIN W/O CONTRAST,1.0,932.57,932.57,3581.61
32,Example Regional Medical Center,2026-02-23,3,80053,CPT,COMPREHENSIVE METABOLIC PANEL,1.0,26.3,26.3,3581.61
32,Example Regional Medical Center,2026-02-23,4,A9150,HCPCS,NON-RX DRUGS,1.0,7.4,7.4,3581.61
32,Example Regional Medical Center,2026-02-23,5,74177,CPT,CT ABD & PELVIS W/CONTRAST,1.0,810.31,810.31,3581.61
32,Example Regional Medical Center,2026-02-23,6,81001,CPT,URINALYSIS AUTO W/SCOPE,16.0,34.34,549.44,3581.61
32,Example Regional Medical Center,2026-02-23,7,J1885,HCPCS,KETOROLAC TROMETHAMINE INJ,1.0,22.51,22.51,3581.61
32,Example Regional Medical Center,2026-02-23,8,74177,CPT,CT ABD & PELVIS W/CONTRAST,1.0,810.31,810.31,3581.61
32,Example Regional Medical Center,2026-02-23,9,J1885,HCPCS,KETOROLAC TROMETHAMINE INJ,1.0,22.51,22.51,3581.61
33,Testville Emergency Physicians,2026-08-14,0,71046,CPT,CHEST X-RAY 2 VIEWS,1.0,230.78,306.86,914.12
33,Testville Emergency Physicians,2026-08-14,1,A9150,HCPCS,NON-RX DRUGS,1.0,14.02,14.02,914.12
33,Testville Emergency Physicians,2026-08-14,2,93000,CPT,ELECTROCARDIOGRAM COMPLETE,1.0,38.53,38.53,914.12
33,Testville Emergency Physicians,2026-08-14,3,80048,CPT,BASIC METABOLIC PANEL,1.0,25.75,25.75,914.12
33,Testville Emergency Physicians,2026-08-14,4,80053,CPT,COMPREHENSIVE METABOLIC PANEL,1.0,34.93,34.93,914.12
33,Testville Emergency Physicians,2026-08-14,5,81001,CPT,URINALYSIS AUTO W/SCOPE,1.0,15.3,15.3,914.12
33,Testville Emergency Physicians,2026-08-14,6,12001,CPT,SIMPLE REPAIR WOUND,1.0,415.84,415.84,914.12
33,Testville Emergency Physicians,2026-08-14,7,J2405,HCPCS,ONDANSETRON HCL INJECTION,1.0,10.34,10.34,914.12
33,Testville Emergency Physicians,2026-08-14,8,93000,CPT,ELECTROCARDIOGRAM COMPLETE,1.0,38.53,38.53,914.12
33,Testville Emergency Physicians,2026-08-14,9,A9150,HCPCS,NON-RX DRUGS,1.0,14.02,14.02,914.12
34,Sample Family Clinic,2026-02-16,0,99213,CPT,OFFICE/OUTPATIENT VISIT EST,5.0,159.85,799.25,2242.94
34,Sample Family Clinic,2026-02-16,1,J2405,HCPCS,ONDANSETRON HCL INJECTION,18.0,6.48,116.64,2242.94
34,Sample Family Clinic,2026-02-16,2,Q9967,HCPCS,LOCM 300-399MG/ML IODINE,1.0,6.19,6.19,2242.94
34,Sample Family Clinic,2026-02-16,3,A9150,HCPCS,NON-RX DRUGS,1.0,7.47,7.47,2242.94
34,Sample Family Clinic,2026-02-16,4,36415,CPT,ROUTINE VENIPUNCTURE,1.0,13.98,67.52,2242.94
34,Sample Family Clinic,2026-02-16,5,71046,CPT,CHEST X-RAY 2 VIEWS,1.0,168.04,168.04,2242.94
34,Sample Family Clinic,2026-02-16,6,70450,CPT,CT HEAD/BRAIN W/O CONTRAST,1.0,1048.15,1048.15,2242.94
34,Sample Family Clinic,2026-02-16,7,81001,CPT,URINALYSIS AUTO W/SCOPE,1.0,29.68,29.68,2242.94
35,Sample Family Clinic,2026-08-04,0,70450,CPT,CT HEAD/BRAIN W/O CONTRAST,1.0,1407.34,1407.34,8100.98
35,Sample Family Clinic,2026-08-04,1,99284,CPT,EMERGENCY DEPT VISIT,1.0,521.82,521.82,8100.98
35,Sample Family Clinic,2026-08-04,2,12001,CPT,SIMPLE REPAIR WOUND,1.0,453.65,453.65,8100.98
35,Sample Family Clinic,2026-08-04,3,99285,CPT,EMERGENCY DEPT VISIT HIGH,1.0,1389.28,1389.28,8100.98
35,Sample Family Clinic,2026-08-04,4,96372,CPT,THER/PROPH/DIAG INJ SC/IM,1.0,29.02,29.02,8100.98
35,Sample Family Clinic,2026-08-04,5,J1885,HCPCS,KETOROLAC TROMETHAMINE INJ,1.0,14.0,14.0,8100.98
35,Sample Family Clinic,2026-08-04,6,99214,CPT,OFFICE/OUTPATIENT VISIT EST,15.0,237.39,3560.85,8100.98
35,Sample Family Clinic,2026-08-04,7,80048,CPT,BASIC METABOLIC PANEL,1.0,66.22,66.22,8100.98
35,Sample Family Clinic,2026-08-04,8,J1885,HCPCS,KETOROLAC TROMETHAMINE INJ,1.0,14.0,14.0,8100.98
35,Sample Family Clinic,2026-08-04,9,12001,CPT,SIMPLE REPAIR WOUND,1.0,453.65,453.65,8100.98
36,Sample Family Clinic,2026-09-26,0,85025,CPT,COMPLETE CBC W/AUTO DIFF WBC,1.0,45.63,45.63,2427.48
36,Sample Family Clinic,2026-09-26,1,J1885,HCPCS,KETOROLAC TROMETHAMINE INJ,1.0,19.17,19.17,2427.48
36,Sample Family Clinic,2026-09-26,2,93000,CPT,ELECTROCARDIOGRAM COMPLETE,1.0,31.14,68.93,2427.48
36,Sample Family Clinic,2026-09-26,3,99213,CPT,OFFICE/OUTPATIENT VISIT EST,1.0,151.59,151.59,2427.48
36,Sample Family Clinic,2026-09-26,4,70450,CPT,CT HEAD/BRAIN W/O CONTRAST,1.0,1459.14,1459.14,2427.48
36,Sample Family Clinic,2026-09-26,5,Q9967,HCPCS,LOCM 300-399MG/ML IODINE,1.0,6.67,6.67,2427.48
36,Sample Family Clinic,2026-09-26,6,36415,CPT,ROUTINE VENIPUNCTURE,1.0,14.92,14.92,2427.48
36,Sample Family Clinic,2026-09-26,7,99284,CPT,EMERGENCY DEPT VISIT,1.0,503.17,503.17,2427.48
36,Sample Family Clinic,2026-09-26,8,Q9967,HCPCS,LOCM 300-399MG/ML IODINE,1.0,6.67,6.67,2427.48
36,Sample Family Clinic,2026-09-26,9,99213,CPT,OFFICE/OUTPATIENT VISIT EST,1.0,151.59,151.59,2427.48
37,Example Regional Medical Center,2026-09-27,0,72148,CPT,MRI LUMBAR SPINE W/O CONTRAST,1.0,1950.12,1950.12,5812.89
37,Example Regional Medical Center,2026-09-27,1,99285,CPT,EMERGENCY DEPT VISIT HIGH,1.0,1520.07,1520.07,5812.89
37,Example Regional Medical Center,2026-09-27,2,81001,CPT,URINALYSIS AUTO W/SCOPE,1.0,18.73,18.73,5812.89
37,Example Regional Medical Center,2026-09-27,3,99284,CPT,EMERGENCY DEPT VISIT,1.0,821.64,850.29,5812.89
37,Example Regional Medical Center,2026-09-27,4,80048,CPT,BASIC METABOLIC PANEL,1.0,62.67,62.67,5812.89
37,Example Regional Medical Center,2026-09-27,5,J2405,HCPCS,ONDANSETRON HCL INJECTION,11.0,11.12,122.32,5812.89
37,Example Regional Medical Center,2026-09-27,6,85025,CPT,COMPLETE CBC W/AUTO DIFF WBC,1.0,57.74,57.74,5812.89
37,Example Regional Medical Center,2026-09-27,7,70450,CPT,CT HEAD/BRAIN W/O CONTRAST,1.0,970.38,1072.88,5812.89
38,Sample Family Clinic,2026-08-16,0,Q9967,HCPCS,LOCM 300-399MG/ML IODINE,1.0,4.5,149.04,3054.61
38,Sample Family Clinic,2026-08-16,1,70450,CPT,CT HEAD/BRAIN W/O CONTRAST,1.0,1280.58,1280.58,3054.61
38,Sample Family Clinic,2026-08-16,2,93000,CPT,ELECTROCARDIOGRAM COMPLETE,1.0,48.67,48.67,3054.61
38,Sample Family Clinic,2026-08-16,3,J2405,HCPCS,ONDANSETRON HCL INJECTION,1.0,12.08,12.08,3054.61
38,Sample Family Clinic,2026-08-16,4,99214,CPT,OFFICE/OUTPATIENT VISIT EST,1.0,147.04,147.04,3054.61
38,Sample Family Clinic,2026-08-16,5,36415,CPT,ROUTINE VENIPUNCTURE,8.0,9.01,72.08,3054.61
38,Sample Family Clinic,2026-08-16,6,99285,CPT,EMERGENCY DEPT VISIT HIGH,1.0,1214.03,1214.03,3054.61
38,Sample Family Clinic,2026-08-16,7,80053,CPT,COMPREHENSIVE METABOLIC PANEL,1.0,28.85,131.09,3054.61
39,Sample Family Clinic,2026-04-23,0,85025,CPT,COMPLETE CBC W/AUTO DIFF WBC,1.0,52.93,52.93,5433.43
39,Sample Family Clinic,2026-04-23,1,99284,CPT,EMERGENCY DEPT VISIT,1.0,578.32,578.32,5433.43
39,Sample Family Clinic,2026-04-23,2,81001,CPT,URINALYSIS AUTO W/SCOPE,1.0,27.69,27.69,5433.43
39,Sample Family Clinic,2026-04-23,3,99214,CPT,OFFICE/OUTPATIENT VISIT EST,19.0,188.4,3579.6,5433.43
39,Sample Family Clinic,2026-04-23,4,36415,CPT,ROUTINE VENIPUNCTURE,14.0,22.96,321.44,5433.43
39,Sample Family Clinic,2026-04-23,5,A9150,HCPCS,NON-RX DRUGS,1.0,5.63,5.63,5433.43
39,Sample Family Clinic,2026-04-23,6,12001,CPT,SIMPLE REPAIR WOUND,1.0,419.01,419.01,5433.43
39,Sample Family Clinic,2026-04-23,7,80053,CPT,COMPREHENSIVE METABOLIC PANEL,1.0,29.8,29.8,5433.43
39,Sample Family Clinic,2026-04-23,8,12001,CPT,SIMPLE REPAIR WOUND,1.0,419.01,419.01,5433.43
40,Synthetic Health System,2026-04-13,0,99214,CPT,OFFICE/OUTPATIENT VISIT EST,1.0,177.61,177.61,4663.91
40,Synthetic Health System,2026-04-13,1,12001,CPT,SIMPLE REPAIR WOUND,1.0,469.98,469.98,4663.91
40,Synthetic Health System,2026-04-13,2,93000,CPT,ELECTROCARDIOGRAM COMPLETE,1.0,65.13,65.13,4663.91
40,Synthetic Health System,2026-04-13,3,72148,CPT,MRI LUMBAR SPINE W/O CONTRAST,1.0,1918.27,2029.42,4663.91
40,Synthetic Health System,2026-04-13,4,99213,CPT,OFFICE/OUTPATIENT VISIT EST,1.0,136.47,136.47,4663.91
40,Synthetic Health System,2026-04-13,5,71046,CPT,CHEST X-RAY 2 VIEWS,1.0,264.07,264.07,4663.91
40,Synthetic Health System,2026-04-13,6,81001,CPT,URINALYSIS AUTO W/SCOPE,1.0,31.8,31.8,4663.91
40,Synthetic Health System,2026-04-13,7,99285,CPT,EMERGENCY DEPT VISIT HIGH,1.0,1218.07,1256.51,4663.91
40,Synthetic Health System,2026-04-13,8,99213,CPT,OFFICE/OUTPATIENT VISIT EST,1.0,136.47,136.47,4663.91
41,Synthetic Health System,2026-10-02,0,J2405,HCPCS,ONDANSETRON HCL INJECTION,1.0,7.45,7.45,11570.13
41,Synthetic Health System,2026-10-02,1,96372,CPT,THER/PROPH/DIAG INJ SC/IM,1.0,62.29,62.29,11570.13
41,Synthetic Health System,2026-10-02,2,Q9967,HCPCS,LOCM 300-399MG/ML IODINE,1.0,3.82,3.82,11570.13
41,Synthetic Health System,2026-10-02,3,81001,CPT,URINALYSIS AUTO W/SCOPE,1.0,36.94,36.94,11570.13
41,Synthetic Health System,2026-10-02,4,93000,CPT,ELECTROCARDIOGRAM COMPLETE,1.0,62.25,62.25,11570.13
41,Synthetic Health System,2026-10-02,5,99284,CPT,EMERGENCY DEPT VISIT,1.0,755.82,884.47,11570.13
41,Synthetic Health System,2026-10-02,6,70450,CPT,CT HEAD/BRAIN W/O CONTRAST,1.0,503.86,503.86,11570.13
41,Synthetic Health System,2026-10-02,7,99285,CPT,EMERGENCY DEPT VISIT HIGH,8.0,1245.26,9962.08,11570.13
41,Synthetic Health System,2026-10-02,8,J2405,HCPCS,ONDANSETRON HCL INJECTION,1.0,7.45,7.45,11570.13
42,Synthetic Health System,2026-08-04,0,Q9967,HCPCS,LOCM 300-399MG/ML IODINE,1.0,4.36,4.36,27441.81
42,Synthetic Health System,2026-08-04,1,93000,CPT,ELECTROCARDIOGRAM COMPLETE,1.0,47.29,47.29,27441.81
42,Synthetic Health System,2026-08-04,2,36415,CPT,ROUTINE VENIPUNCTURE,1.0,30.37,30.37,27441.81
42,Synthetic Health System,2026-08-04,3,99214,CPT,OFFICE/OUTPATIENT VISIT EST,1.0,180.56,180.56,27441.81
42,Synthetic Health System,2026-08-04,4,99285,CPT,EMERGENCY DEPT VISIT HIGH,1.0,1129.62,1129.62,27441.81
42,Synthetic Health System,2026-08-04,5,72148,CPT,MRI LUMBAR SPINE W/O CONTRAST,1.0,1949.26,1949.26,27441.81
42,Synthetic Health System,2026-08-04,6,12001,CPT,SIMPLE REPAIR WOUND,1.0,443.68,443.68,27441.81
42,Synthetic Health System,2026-08-04,7,74177,CPT,CT ABD & PELVIS W/CONTRAST,10.0,2196.28,21962.8,27441.81
42,Synthetic Health System,2026-08-04,8,99285,CPT,EMERGENCY DEPT VISIT HIGH,1.0,1129.62,1129.62,27441.81
42,Synthetic Health System,2026-08-04,9,12001,CPT,SIMPLE REPAIR WOUND,1.0,443.68,443.68,27441.81
43,Sample Family Clinic,2026-09-28,0,74177,CPT,CT ABD & PELVIS W/CONTRAST,1.0,1990.41,1990.41,12165.8
43,Sample Family Clinic,2026-09-28,1,71046,CPT,CHEST X-RAY 2 VIEWS,1.0,134.55,134.55,12165.8
43,Sample Family Clinic,2026-09-28,2,99284,CPT,EMERGENCY DEPT VISIT,13.0,432.17,5618.21,12165.8
43,Sample Family Clinic,2026-09-28,3,81001,CPT,URINALYSIS AUTO W/SCOPE,1.0,28.89,28.89,12165.8
43,Sample Family Clinic,2026-09-28,4,70450,CPT,CT HEAD/BRAIN W/O CONTRAST,1.0,752.45,752.45,12165.8
43,Sample Family Clinic,2026-09-28,5,A9150,HCPCS,NON-RX DRUGS,1.0,11.36,11.36,12165.8
43,Sample Family Clinic,2026-09-28,6,99285,CPT,EMERGENCY DEPT VISIT HIGH,1.0,1412.62,1412.62,12165.8
43,Sample Family Clinic,2026-09-28,7,93000,CPT,ELECTROCARDIOGRAM COMPLETE,1.0,80.59,226.9,12165.8
43,Sample Family Clinic,2026-09-28,8,74177,CPT,CT ABD & PELVIS W/CONTRAST,1.0,1990.41,1990.41,12165.8
44,Testville Emergency Physicians,2026-02-03,0,70450,CPT,CT HEAD/BRAIN W/O CONTRAST,1.0,541.17,541.17,2089.38
44,Testville Emergency Physicians,2026-02-03,1,J1885,HCPCS,KETOROLAC TROMETHAMINE INJ,1.0,9.29,9.29,2089.38
44,Testville Emergency Physicians,2026-02-03,2,99284,CPT,EMERGENCY DEPT VISIT,1.0,660.82,660.82,2089.38
44,Testville Emergency Physicians,2026-02-03,3,A9150,HCPCS,NON-RX DRUGS,1.0,11.57,62.33,2089.38
44,Testville Emergency Physicians,2026-02-03,4,J2405,HCPCS,ONDANSETRON HCL INJECTION,1.0,18.44,129.79,2089.38
44,Testville Emergency Physicians,2026-02-03,5,96372,CPT,THER/PROPH/DIAG INJ SC/IM,6.0,85.08,510.48,2089.38
44,Testville Emergency Physicians,2026-02-03,6,36415,CPT,ROUTINE VENIPUNCTURE,1.0,8.83,8.83,2089.38
44,Testville Emergency Physicians,2026-02-03,7,99214,CPT,OFFICE/OUTPATIENT VISIT EST,1.0,166.67,166.67,2089.38
45,Synthetic Health System,2026-10-08,0,99285,CPT,EMERGENCY DEPT VISIT HIGH,1.0,1459.55,1459.55,6906.95
45,Synthetic Health System,2026-10-08,1,99284,CPT,EMERGENCY DEPT VISIT,1.0,626.7,626.7,6906.95
45,Synthetic Health System,2026-10-08,2,J1885,HCPCS,KETOROLAC TROMETHAMINE INJ,1.0,27.79,27.79,6906.95
45,Synthetic Health System,2026-10-08,3,96372,CPT,THER/PROPH/DIAG INJ SC/IM,1.0,54.44,54.44,6906.95
45,Synthetic Health System,2026-10-08,4,70450,CPT,CT HEAD/BRAIN W/O CONTRAST,1.0,1270.74,1270.74,6906.95
45,Synthetic Health System,2026-10-08,5,J2405,HCPCS,ONDANSETRON HCL INJECTION,1.0,17.64,77.69,6906.95
45,Synthetic Health System,2026-10-08,6,12001,CPT,SIMPLE REPAIR WOUND,1.0,267.25,267.25,6906.95
45,Synthetic Health System,2026-10-08,7,99214,CPT,OFFICE/OUTPATIENT VISIT EST,1.0,258.2,258.2,6906.95
45,Synthetic Health System,2026-10-08,8,99285,CPT,EMERGENCY DEPT VISIT HIGH,1.0,1459.55,1459.55,6906.95
45,Synthetic Health System,2026-10-08,9,70450,CPT,CT HEAD/BRAIN W/O CONTRAST,1.0,1270.74,1270.74,6906.95
46,Sample Family Clinic,2026-07-17,0,Q9967,HCPCS,LOCM 300-399MG/ML IODINE,1.0,7.27,7.27,16972.03
46,Sample Family Clinic,2026-07-17,1,12001,CPT,SIMPLE REPAIR WOUND,1.0,377.97,377.97,16972.03
46,Sample Family Clinic,2026-07-17,2,71046,CPT,CHEST X-RAY 2 VIEWS,1.0,304.27,304.27,16972.03
46,Sample Family Clinic,2026-07-17,3,96372,CPT,THER/PROPH/DIAG INJ SC/IM,1.0,37.84,103.6,16972.03
46,Sample Family Clinic,2026-07-17,4,36415,CPT,ROUTINE VENIPUNCTURE,1.0,31.32,31.32,16972.03
46,Sample Family Clinic,2026-07-17,5,J1885,HCPCS,KETOROLAC TROMETHAMINE INJ,1.0,19.09,19.09,16972.03
46,Sample Family Clinic,2026-07-17,6,81001,CPT,URINALYSIS AUTO W/SCOPE,1.0,37.87,37.87,16972.03
46,Sample Family Clinic,2026-07-17,7,70450,CPT,CT HEAD/BRAIN W/O CONTRAST,17.0,928.61,15786.37,16972.03
46,Sample Family Clinic,2026-07-17,8,71046,CPT,CHEST X-RAY 2 VIEWS,1.0,304.27,304.27,16972.03
47,Example Regional Medical Center,2026-01-03,0,80048,CPT,BASIC METABOLIC PANEL,1.0,42.92,42.92,15100.16
47,Example Regional Medical Center,2026-01-03,1,99285,CPT,EMERGENCY DEPT VISIT HIGH,1.0,909.69,909.69,15100.16
47,Example Regional Medical Center,2026-01-03,2,71046,CPT,CHEST X-RAY 2 VIEWS,1.0,111.35,111.35,15100.16
47,Example Regional Medical Center,2026-01-03,3,12001,CPT,SIMPLE REPAIR WOUND,1.0,278.13,348.64,15100.16
47,Example Regional Medical Center,2026-01-03,4,72148,CPT,MRI LUMBAR SPINE W/O CONTRAST,9.0,1193.04,10737.36,15100.16
47,Example Regional Medical Center,2026-01-03,5,99284,CPT,EMERGENCY DEPT VISIT,1.0,534.37,534.37,15100.16
47,Example Regional Medical Center,2026-01-03,6,36415,CPT,ROUTINE VENIPUNCTURE,1.0,33.73,33.73,15100.16
47,Example Regional Medical Center,2026-01-03,7,74177,CPT,CT ABD & PELVIS W/CONTRAST,1.0,1407.11,1407.11,15100.16
47,Example Regional Medical Center,2026-01-03,8,99285,CPT,EMERGENCY DEPT VISIT HIGH,1.0,909.69,909.69,15100.16
48,Sample Family Clinic,2026-09-08,0,99214,CPT,OFFICE/OUTPATIENT VISIT EST,1.0,188.93,188.93,11581.68
48,Sample Family Clinic,2026-09-08,1,A9150,HCPCS,NON-RX DRUGS,1.0,4.55,4.55,11581.68
48,Sample Family Clinic,2026-09-08,2,72148,CPT,MRI LUMBAR SPINE W/O CONTRAST,1.0,1513.31,1513.31,11581.68
48,Sample Family Clinic,2026-09-08,3,99213,CPT,OFFICE/OUTPATIENT VISIT EST,1.0,114.95,211.22,11581.68
48,Sample Family Clinic,2026-09-08,4,80053,CPT,COMPREHENSIVE METABOLIC PANEL,1.0,65.61,65.61,11581.68
48,Sample Family Clinic,2026-09-08,5,99285,CPT,EMERGENCY DEPT VISIT HIGH,1.0,894.36,894.36,11581.68
48,Sample Family Clinic,2026-09-08,6,74177,CPT,CT ABD & PELVIS W/CONTRAST,8.0,1064.33,8514.64,11581.68
48,Sample Family Clinic,2026-09-08,7,J1885,HCPCS,KETOROLAC TROMETHAMINE INJ,1.0,13.83,102.09,11581.68
49,Sample Family Clinic,2026-08-20,0,J2405,HCPCS,ONDANSETRON HCL INJECTION,1.0,6.03,6.03,1851.53
49,Sample Family Clinic,2026-08-20,1,81001,CPT,URINALYSIS AUTO W/SCOPE,1.0,33.65,33.65,1851.53
49,Sample Family Clinic,2026-08-20,2,93000,CPT,ELECTROCARDIOGRAM COMPLETE,1.0,116.57,116.57,1851.53
49,Sample Family Clinic,2026-08-20,3,99284,CPT,EMERGENCY DEPT VISIT,1.0,513.76,513.76,1851.53
49,Sample Family Clinic,2026-08-20,4,J1885,HCPCS,KETOROLAC TROMETHAMINE INJ,13.0,25.73,334.49,1851.53
49,Sample Family Clinic,2026-08-20,5,71046,CPT,CHEST X-RAY 2 VIEWS,1.0,235.46,235.46,1851.53
49,Sample Family Clinic,2026-08-20,6,36415,CPT,ROUTINE VENIPUNCTURE,1.0,12.99,12.99,1851.53
49,Sample Family Clinic,2026-08-20,7,99214,CPT,OFFICE/OUTPATIENT VISIT EST,1.0,185.95,311.62,1851.53
49,Sample Family Clinic,2026-08-20,8,93000,CPT,ELECTROCARDIOGRAM COMPLETE,1.0,116.57,116.57,1851.53
50,Example Regional Medical Center,2026-10-24,0,71046,CPT,CHEST X-RAY 2 VIEWS,1.0,249.92,249.92,3920.96
50,Example Regional Medical Center,2026-10-24,1,70450,CPT,CT HEAD/BRAIN W/O CONTRAST,1.0,567.78,567.78,3920.96
50,Example Regional Medical Center,2026-10-24,2,J1885,HCPCS,KETOROLAC TROMETHAMINE INJ,1.0,20.8,20.8,3920.96
50,Example Regional Medical Center,2026-10-24,3,85025,CPT,COMPLETE CBC W/AUTO DIFF WBC,1.0,58.81,58.81,3920.96
50,Example Regional Medical Center,2026-10-24,4,96372,CPT,THER/PROPH/DIAG INJ SC/IM,1.0,64.37,64.37,3920.96
50,Example Regional Medical Center,2026-10-24,5,A9150,HCPCS,NON-RX DRUGS,1.0,16.73,104.12,3920.96
50,Example Regional Medical Center,2026-10-24,6,99214,CPT,OFFICE/OUTPATIENT VISIT EST,1.0,240.16,287.46,3920.96
50,Example Regional Medical Center,2026-10-24,7,99213,CPT,OFFICE/OUTPATIENT VISIT EST,15.0,171.18,2567.7,3920.96
51,Sample Family Clinic,2026-02-27,0,99213,CPT,OFFICE/OUTPATIENT VISIT EST,1.0,118.83,118.83,6221.26
51,Sample Family Clinic,2026-02-27,1,74177,CPT,CT ABD & PELVIS W/CONTRAST,1.0,2484.35,2484.35,6221.26
51,Sample Family Clinic,2026-02-27,2,99214,CPT,OFFICE/OUTPATIENT VISIT EST,17.0,194.07,3299.19,6221.26
51,Sample Family Clinic,2026-02-27,3,36415,CPT,ROUTINE VENIPUNCTURE,1.0,29.25,132.55,6221.26
51,Sample Family Clinic,2026-02-27,4,J1885,HCPCS,KETOROLAC TROMETHAMINE INJ,1.0,29.94,29.94,6221.26
51,Sample Family Clinic,2026-02-27,5,A9150,HCPCS,NON-RX DRUGS,1.0,14.43,81.96,6221.26
51,Sample Family Clinic,2026-02-27,6,J2405,HCPCS,ONDANSETRON HCL INJECTION,1.0,18.63,18.63,6221.26
51,Sample Family Clinic,2026-02-27,7,96372,CPT,THER/PROPH/DIAG INJ SC/IM,1.0,55.81,55.81,6221.26
52,Synthetic Health System,2026-01-16,0,72148,CPT,MRI LUMBAR SPINE W/O CONTRAST,1.0,1997.51,1997.51,3426.95
52,Synthetic Health System,2026-01-16,1,Q9967,HCPCS,LOCM 300-399MG/ML IODINE,1.0,8.67,8.67,3426.95
52,Synthetic Health System,2026-01-16,2,A9150,HCPCS,NON-RX DRUGS,1.0,12.59,94.81,3426.95
52,Synthetic Health System,2026-01-16,3,99284,CPT,EMERGENCY DEPT VISIT,1.0,858.85,858.85,3426.95
52,Synthetic Health System,2026-01-16,4,J2405,HCPCS,ONDANSETRON HCL INJECTION,1.0,21.8,21.8,3426.95
52,Synthetic Health System,2026-01-16,5,71046,CPT,CHEST X-RAY 2 VIEWS,1.0,174.96,174.96,3426.95
52,Synthetic Health System,2026-01-16,6,85025,CPT,COMPLETE CBC W/AUTO DIFF WBC,1.0,33.76,33.76,3426.95
52,Synthetic Health System,2026-01-16,7,J1885,HCPCS,KETOROLAC TROMETHAMINE INJ,1.0,27.87,27.87,3426.95
52,Synthetic Health System,2026-01-16,8,85025,CPT,COMPLETE CBC W/AUTO DIFF WBC,1.0,33.76,33.76,3426.95
52,Synthetic Health System,2026-01-16,9,71046,CPT,CHEST X-RAY 2 VIEWS,1.0,174.96,174.96,3426.95
53,Testville Emergency Physicians,2026-04-06,0,36415,CPT,ROUTINE VENIPUNCTURE,1.0,16.77,16.77,2177.31
53,Testville Emergency Physicians,2026-04-06,1,81001,CPT,URINALYSIS AUTO W/SCOPE,1.0,37.16,37.16,2177.31
53,Testville Emergency Physicians,2026-04-06,2,J2405,HCPCS,ONDANSETRON HCL INJECTION,1.0,20.93,20.93,2177.31
53,Testville Emergency Physicians,2026-04-06,3,A9150,HCPCS,NON-RX DRUGS,1.0,18.66,18.66,2177.31
53,Testville Emergency Physicians,2026-04-06,4,99213,CPT,OFFICE/OUTPATIENT VISIT EST,1.0,111.04,111.04,2177.31
53,Testville Emergency Physicians,2026-04-06,5,99285,CPT,EMERGENCY DEPT VISIT HIGH,1.0,1215.67,1295.37,2177.31
53,Testville Emergency Physicians,2026-04-06,6,99214,CPT,OFFICE/OUTPATIENT VISIT EST,1.0,239.7,239.7,2177.31
53,Testville Emergency Physicians,2026-04-06,7,71046,CPT,CHEST X-RAY 2 VIEWS,1.0,200.26,200.26,2177.31
53,Testville Emergency Physicians,2026-04-06,8,71046,CPT,CHEST X-RAY 2 VIEWS,1.0,200.26,200.26,2177.31
53,Testville Emergency Physicians,2026-04-06,9,81001,CPT,URINALYSIS AUTO W/SCOPE,1.0,37.16,37.16,2177.31
54,Synthetic Health System,2026-07-25,0,A9150,HCPCS,NON-RX DRUGS,1.0,14.43,14.43,3342.34
54,Synthetic Health System,2026-07-25,1,96372,CPT,THER/PROPH/DIAG INJ SC/IM,1.0,66.53,66.53,3342.34
54,Synthetic Health System,2026-07-25,2,70450,CPT,CT HEAD/BRAIN W/O CONTRAST,1.0,640.2,640.2,3342.34
54,Synthetic Health System,2026-07-25,3,85025,CPT,COMPLETE CBC W/AUTO DIFF WBC,1.0,31.21,135.04,3342.34
54,Synthetic Health System,2026-07-25,4,12001,CPT,SIMPLE REPAIR WOUND,1.0,294.0,294.0,3342.34
54,Synthetic Health System,2026-07-25,5,74177,CPT,CT ABD & PELVIS W/CONTRAST,1.0,1144.87,1144.87,3342.34
54,Synthetic Health System,2026-07-25,6,93000,CPT,ELECTROCARDIOGRAM COMPLETE,1.0,78.0,78.0,3342.34
54,Synthetic Health System,2026-07-25,7,81001,CPT,URINALYSIS AUTO W/SCOPE,1.0,35.07,35.07,3342.34
54,Synthetic Health System,2026-07-25,8,70450,CPT,CT HEAD/BRAIN W/O CONTRAST,1.0,640.2,640.2,3342.34
54,Synthetic Health System,2026-07-25,9,12001,CPT,SIMPLE REPAIR WOUND,1.0,294.0,294.0,3342.34
55,Testville Emergency Physicians,2026-12-02,0,93000,CPT,ELECTROCARDIOGRAM COMPLETE,1.0,47.82,47.82,34109.83
55,Testville Emergency Physicians,2026-12-02,1,99284,CPT,EMERGENCY DEPT VISIT,18.0,504.79,9086.22,34109.83
55,Testville Emergency Physicians,2026-12-02,2,J2405,HCPCS,ONDANSETRON HCL INJECTION,1.0,12.34,12.34,34109.83
55,Testville Emergency Physicians,2026-12-02,3,12001,CPT,SIMPLE REPAIR WOUND,1.0,205.93,332.42,34109.83
55,Testville Emergency Physicians,2026-12-02,4,85025,CPT,COMPLETE CBC W/AUTO DIFF WBC,1.0,30.13,30.13,34109.83
55,Testville Emergency Physicians,2026-12-02,5,Q9967,HCPCS,LOCM 300-399MG/ML IODINE,1.0,11.86,11.86,34109.83
55,Testville Emergency Physicians,2026-12-02,6,70450,CPT,CT HEAD/BRAIN W/O CONTRAST,17.0,1442.54,24523.18,34109.83
55,Testville Emergency Physicians,2026-12-02,7,80048,CPT,BASIC METABOLIC PANEL,1.0,65.86,65.86,34109.83
56,Synthetic Health System,2026-07-01,0,85025,CPT,COMPLETE CBC W/AUTO DIFF WBC,1.0,25.99,25.99,5116.96
56,Synthetic Health System,2026-07-01,1,70450,CPT,CT HEAD/BRAIN W/O CONTRAST,1.0,1223.57,1223.57,5116.96
56,Synthetic Health System,2026-07-01,2,71046,CPT,CHEST X-RAY 2 VIEWS,1.0,174.15,174.15,5116.96
56,Synthetic Health System,2026-07-01,3,80048,CPT,BASIC METABOLIC PANEL,1.0,26.48,26.48,5116.96
56,Synthetic Health System,2026-07-01,4,Q9967,HCPCS,LOCM 300-399MG/ML IODINE,1.0,11.66,11.66,5116.96
56,Synthetic Health System,2026-07-01,5,J2405,HCPCS,ONDANSETRON HCL INJECTION,1.0,23.28,120.99,5116.96
56,Synthetic Health System,2026-07-01,6,72148,CPT,MRI LUMBAR SPINE W/O CONTRAST,1.0,2071.49,2071.49,5116.96
56,Synthetic Health System,2026-07-01,7,96372,CPT,THER/PROPH/DIAG INJ SC/IM,1.0,64.91,64.91,5116.96
56,Synthetic Health System,2026-07-01,8,71046,CPT,CHEST X-RAY 2 VIEWS,1.0,174.15,174.15,5116.96
56,Synthetic Health System,2026-07-01,9,70450,CPT,CT HEAD/BRAIN W/O CONTRAST,1.0,1223.57,1223.57,5116.96
57,Synthetic Health System,2026-01-09,0,71046,CPT,CHEST X-RAY 2 VIEWS,1.0,270.23,312.55,6905.28
57,Synthetic Health System,2026-01-09,1,Q9967,HCPCS,LOCM 300-399MG/ML IODINE,1.0,8.66,8.66,6905.28
57,Synthetic Health System,2026-01-09,2,99214,CPT,OFFICE/OUTPATIENT VISIT EST,1.0,134.91,134.91,6905.28
57,Synthetic Health System,2026-01-09,3,85025,CPT,COMPLETE CBC W/AUTO DIFF WBC,1.0,66.81,66.81,6905.28
57,Synthetic Health System,2026-01-09,4,70450,CPT,CT HEAD/BRAIN W/O CONTRAST,1.0,1392.26,1392.26,6905.28
57,Synthetic Health System,2026-01-09,5,99284,CPT,EMERGENCY DEPT VISIT,1.0,644.88,644.88,6905.28
57,Synthetic Health System,2026-01-09,6,36415,CPT,ROUTINE VENIPUNCTURE,1.0,16.56,93.07,6905.28
57,Synthetic Health System,2026-01-09,7,12001,CPT,SIMPLE REPAIR WOUND,18.0,236.23,4252.14,6905.28
58,Testville Emergency Physicians,2026-10-11,0,70450,CPT,CT HEAD/BRAIN W/O CONTRAST,1.0,1061.5,1061.5,2804.24
58,Testville Emergency Physicians,2026-10-11,1,36415,CPT,ROUTINE VENIPUNCTURE,1.0,34.0,34.0,2804.24
58,Testville Emergency Physicians,2026-10-11,2,80048,CPT,BASIC METABOLIC PANEL,12.0,27.62,331.44,2804.24
58,Testville Emergency Physicians,2026-10-11,3,96372,CPT,THER/PROPH/DIAG INJ SC/IM,1.0,35.42,153.73,2804.24
58,Testville Emergency Physicians,2026-10-11,4,A9150,HCPCS,NON-RX DRUGS,1.0,13.07,13.07,2804.24
58,Testville Emergency Physicians,2026-10-11,5,99213,CPT,OFFICE/OUTPATIENT VISIT EST,1.0,138.3,241.62,2804.24
58,Testville Emergency Physicians,2026-10-11,6,99214,CPT,OFFICE/OUTPATIENT VISIT EST,1.0,241.88,241.88,2804.24
58,Testville Emergency Physicians,2026-10-11,7,99284,CPT,EMERGENCY DEPT VISIT,1.0,548.86,548.86,2804.24
59,Synthetic Health System,2026-12-08,0,80048,CPT,BASIC METABOLIC PANEL,1.0,50.7,50.7,2957.07
59,Synthetic Health System,2026-12-08,1,99214,CPT,OFFICE/OUTPATIENT VISIT EST,1.0,245.87,245.87,2957.07
59,Synthetic Health System,2026-12-08,2,A9150,HCPCS,NON-RX DRUGS,1.0,10.31,10.31,2957.07
59,Synthetic Health System,2026-12-08,3,J2405,HCPCS,ONDANSETRON HCL INJECTION,1.0,18.0,18.0,2957.07
59,Synthetic Health System,2026-12-08,4,85025,CPT,COMPLETE CBC W/AUTO DIFF WBC,1.0,25.42,25.42,2957.07
59,Synthetic Health System,2026-12-08,5,12001,CPT,SIMPLE REPAIR WOUND,1.0,470.14,555.3,2957.07
59,Synthetic Health System,2026-12-08,6,99284,CPT,EMERGENCY DEPT VISIT,1.0,896.54,896.54,2957.07
59,Synthetic Health System,2026-12-08,7,J1885,HCPCS,KETOROLAC TROMETHAMINE INJ,1.0,12.52,12.52,2957.07
59,Synthetic Health System,2026-12-08,8,99214,CPT,OFFICE/OUTPATIENT VISIT EST,1.0,245.87,245.87,2957.07
59,Synthetic Health System,2026-12-08,9,99284,CPT,EMERGENCY DEPT VISIT,1.0,896.54,896.54,2957.07
60,Sample Family Clinic,2026-09-15,0,J1885,HCPCS,KETOROLAC TROMETHAMINE INJ,1.0,17.21,17.21,2276.06
60,Sample Family Clinic,2026-09-15,1,99284,CPT,EMERGENCY DEPT VISIT,1.0,815.51,815.51,2276.06
60,Sample Family Clinic,2026-09-15,2,85025,CPT,COMPLETE CBC W/AUTO DIFF WBC,1.0,37.86,37.86,2276.06
60,Sample Family Clinic,2026-09-15,3,A9150,HCPCS,NON-RX DRUGS,1.0,6.89,6.89,2276.06
60,Sample Family Clinic,2026-09-15,4,Q9967,HCPCS,LOCM 300-399MG/ML IODINE,1.0,8.81,45.9,2276.06
60,Sample Family Clinic,2026-09-15,5,70450,CPT,CT HEAD/BRAIN W/O CONTRAST,1.0,928.79,928.79,2276.06
60,Sample Family Clinic,2026-09-15,6,J2405,HCPCS,ONDANSETRON HCL INJECTION,1.0,24.33,24.33,2276.06
60,Sample Family Clinic,2026-09-15,7,71046,CPT,CHEST X-RAY 2 VIEWS,1.0,132.57,132.57,2276.06
60,Sample Family Clinic,2026-09-15,8,71046,CPT,CHEST X-RAY 2 VIEWS,1.0,132.57,132.57,2276.06
60,Sample Family Clinic,2026-09-15,9,85025,CPT,COMPLETE CBC W/AUTO DIFF WBC,1.0,37.86,37.86,2276.06
